{
  "version": 2,
  "buildCommand": "npm run build",
  "installCommand": "npm install",
  "framework": "nextjs",
  "regions": ["iad1"],
  "functions": {
    "api/**/*": {
      "memory": 1024,
      "maxDuration": 10
    }
  },
  "headers": [
    {
      "source": "/(.*)",
      "headers": [
        {
          "key": "X-Content-Type-Options",
          "value": "nosniff"
        },
        {
          "key": "X-Frame-Options",
          "value": "DENY"
        },
        {
          "key": "X-XSS-Protection",
          "value": "1; mode=block"
        }
      ]
    },
    {
      "source": "/api/(.*)",
      "headers": [
        {
          "key": "Cache-Control",
          "value": "no-store, max-age=0"
        }
      ]
    },
    {
      "source": "/_next/static/(.*)",
      "headers": [
        {
          "key": "Cache-Control",
          "value": "public, max-age=31536000, immutable"
        }
      ]
    }
  ]
}
